{
    "count": 20,
    "start": 0,
    "total": 250,
    "subjects": [
                 {
                 "rating": {
                 "max": 10,
                 "average": 9.6,
                 "stars": "50",
                 "min": 0
                 },
                 "genres": [
                            "犯罪",
                            "剧情"
                            ],
                 "collect_count": 781095,
                 "casts": [
                           {
                           "avatars": {
                           "small": "http://img3.douban.com/img/celebrity/small/17525.jpg",
                           "large": "http://img3.douban.com/img/celebrity/large/17525.jpg",
                           "medium": "http://img3.douban.com/img/celebrity/medium/17525.jpg"
                           },
                           "alt": "http://movie.douban.com/celebrity/1054521/",
                           "id": "1054521",
                           "name": "蒂姆·罗宾斯"
                           },
                           {
                           "avatars": {
                           "small": "http://img3.douban.com/img/celebrity/small/34642.jpg",
                           "large": "http://img3.douban.com/img/celebrity/large/34642.jpg",
                           "medium": "http://img3.douban.com/img/celebrity/medium/34642.jpg"
                           },
                           "alt": "http://movie.douban.com/celebrity/1054534/",
                           "id": "1054534",
                           "name": "摩根·弗里曼"
                           },
                           {
                           "avatars": {
                           "small": "http://img5.douban.com/img/celebrity/small/5837.jpg",
                           "large": "http://img5.douban.com/img/celebrity/large/5837.jpg",
                           "medium": "http://img5.douban.com/img/celebrity/medium/5837.jpg"
                           },
                           "alt": "http://movie.douban.com/celebrity/1041179/",
                           "id": "1041179",
                           "name": "鲍勃·冈顿"
                           }
                           ],
                 "title": "肖申克的救赎",
                 "original_title": "The Shawshank Redemption",
                 "subtype": "movie",
                 "directors": [
                               {
                               "avatars": {
                               "small": "http://img3.douban.com/img/celebrity/small/230.jpg",
                               "large": "http://img3.douban.com/img/celebrity/large/230.jpg",
                               "medium": "http://img3.douban.com/img/celebrity/medium/230.jpg"
                               },
                               "alt": "http://movie.douban.com/celebrity/1047973/",
                               "id": "1047973",
                               "name": "弗兰克·德拉邦特"
                               }
                               ],
                 "year": "1994",
                 "images": {
                 "small": "http://img3.douban.com/view/movie_poster_cover/ipst/public/p480747492.jpg",
                 "large": "http://img3.douban.com/view/movie_poster_cover/lpst/public/p480747492.jpg",
                 "medium": "http://img3.douban.com/view/movie_poster_cover/spst/public/p480747492.jpg"
                 },
                 "alt": "http://movie.douban.com/subject/1292052/",
                 "id": "1292052"
                 },
                 
                 {
                 "rating": {
                 "max": 10,
                 "average": 9.4,
                 "stars": "50",
                 "min": 0
                 },
                 "genres": [
                            "剧情",
                            "动作",
                            "犯罪"
                            ],
                 "collect_count": 746940,
                 "casts": [
                           {
                           "avatars": {
                           "small": "http://img3.douban.com/img/celebrity/small/8833.jpg",
                           "large": "http://img3.douban.com/img/celebrity/large/8833.jpg",
                           "medium": "http://img3.douban.com/img/celebrity/medium/8833.jpg"
                           },
                           "alt": "http://movie.douban.com/celebrity/1025182/",
                           "id": "1025182",
                           "name": "让·雷诺"
                           },
                           {
                           "avatars": {
                           "small": "http://img3.douban.com/img/celebrity/small/2274.jpg",
                           "large": "http://img3.douban.com/img/celebrity/large/2274.jpg",
                           "medium": "http://img3.douban.com/img/celebrity/medium/2274.jpg"
                           },
                           "alt": "http://movie.douban.com/celebrity/1054454/",
                           "id": "1054454",
                           "name": "娜塔莉·波特曼"
                           },
                           {
                           "avatars": {
                           "small": "http://img3.douban.com/img/celebrity/small/104.jpg",
                           "large": "http://img3.douban.com/img/celebrity/large/104.jpg",
                           "medium": "http://img3.douban.com/img/celebrity/medium/104.jpg"
                           },
                           "alt": "http://movie.douban.com/celebrity/1010507/",
                           "id": "1010507",
                           "name": "加里·奥德曼"
                           }
                           ],
                 "title": "这个杀手不太冷",
                 "original_title": "Léon",
                 "subtype": "movie",
                 "directors": [
                               {
                               "avatars": {
                               "small": "http://img5.douban.com/img/celebrity/small/47146.jpg",
                               "large": "http://img5.douban.com/img/celebrity/large/47146.jpg",
                               "medium": "http://img5.douban.com/img/celebrity/medium/47146.jpg"
                               },
                               "alt": "http://movie.douban.com/celebrity/1031876/",
                               "id": "1031876",
                               "name": "吕克·贝松"
                               }
                               ],
                 "year": "1994",
                 "images": {
                 "small": "http://img3.douban.com/view/movie_poster_cover/ipst/public/p511118051.jpg",
                 "large": "http://img3.douban.com/view/movie_poster_cover/lpst/public/p511118051.jpg",
                 "medium": "http://img3.douban.com/view/movie_poster_cover/spst/public/p511118051.jpg"
                 },
                 "alt": "http://movie.douban.com/subject/1295644/",
                 "id": "1295644"
                 },
                 {
                 "rating": {
                 "max": 10,
                 "average": 9.4,
                 "stars": "50",
                 "min": 0
                 },
                 "genres": [
                            "剧情",
                            "爱情"
                            ],
                 "collect_count": 689500,
                 "casts": [
                           {
                           "avatars": {
                           "small": "http://img3.douban.com/img/celebrity/small/28603.jpg",
                           "large": "http://img3.douban.com/img/celebrity/large/28603.jpg",
                           "medium": "http://img3.douban.com/img/celebrity/medium/28603.jpg"
                           },
                           "alt": "http://movie.douban.com/celebrity/1054450/",
                           "id": "1054450",
                           "name": "汤姆·汉克斯"
                           },
                           {
                           "avatars": {
                           "small": "http://img3.douban.com/img/celebrity/small/1389328920.51.jpg",
                           "large": "http://img3.douban.com/img/celebrity/large/1389328920.51.jpg",
                           "medium": "http://img3.douban.com/img/celebrity/medium/1389328920.51.jpg"
                           },
                           "alt": "http://movie.douban.com/celebrity/1002676/",
                           "id": "1002676",
                           "name": "罗宾·怀特"
                           },
                           {
                           "avatars": {
                           "small": "http://img3.douban.com/img/celebrity/small/1345.jpg",
                           "large": "http://img3.douban.com/img/celebrity/large/1345.jpg",
                           "medium": "http://img3.douban.com/img/celebrity/medium/1345.jpg"
                           },
                           "alt": "http://movie.douban.com/celebrity/1031848/",
                           "id": "1031848",
                           "name": "加里·西尼斯"
                           }
                           ],
                 "title": "阿甘正传",
                 "original_title": "Forrest Gump",
                 "subtype": "movie",
                 "directors": [
                               {
                               "avatars": {
                               "small": "http://img3.douban.com/img/celebrity/small/505.jpg",
                               "large": "http://img3.douban.com/img/celebrity/large/505.jpg",
                               "medium": "http://img3.douban.com/img/celebrity/medium/505.jpg"
                               },
                               "alt": "http://movie.douban.com/celebrity/1053564/",
                               "id": "1053564",
                               "name": "罗伯特·泽米吉斯"
                               }
                               ],
                 "year": "1994",
                 "images": {
                 "small": "http://img3.douban.com/view/movie_poster_cover/ipst/public/p510876400.jpg",
                 "large": "http://img3.douban.com/view/movie_poster_cover/lpst/public/p510876400.jpg",
                 "medium": "http://img3.douban.com/view/movie_poster_cover/spst/public/p510876400.jpg"
                 },
                 "alt": "http://movie.douban.com/subject/1292720/",
                 "id": "1292720"
                 },
                 {
                 "rating": {
                 "max": 10,
                 "average": 9.4,
                 "stars": "50",
                 "min": 0
                 },
                 "genres": [
                            "剧情",
                            "爱情",
                            "同性"
                            ],
                 "collect_count": 529998,
                 "casts": [
                           {
                           "avatars": {
                           "small": "http://img3.douban.com/img/celebrity/small/5515.jpg",
                           "large": "http://img3.douban.com/img/celebrity/large/5515.jpg",
                           "medium": "http://img3.douban.com/img/celebrity/medium/5515.jpg"
                           },
                           "alt": "http://movie.douban.com/celebrity/1003494/",
                           "id": "1003494",
                           "name": "张国荣"
                           },
                           {
                           "avatars": {
                           "small": "http://img3.douban.com/img/celebrity/small/10381.jpg",
                           "large": "http://img3.douban.com/img/celebrity/large/10381.jpg",
                           "medium": "http://img3.douban.com/img/celebrity/medium/10381.jpg"
                           },
                           "alt": "http://movie.douban.com/celebrity/1050265/",
                           "id": "1050265",
                           "name": "张丰毅"
                           },
                           {
                           "avatars": {
                           "small": "http://img5.douban.com/img/celebrity/small/39626.jpg",
                           "large": "http://img5.douban.com/img/celebrity/large/39626.jpg",
                           "medium": "http://img5.douban.com/img/celebrity/medium/39626.jpg"
                           },
                           "alt": "http://movie.douban.com/celebrity/1035641/",
                           "id": "1035641",
                           "name": "巩俐"
                           }
                           ],
                 "title": "霸王别姬",
                 "original_title": "霸王别姬",
                 "subtype": "movie",
                 "directors": [
                               {
                               "avatars": {
                               "small": "http://img5.douban.com/img/celebrity/small/1379615419.48.jpg",
                               "large": "http://img5.douban.com/img/celebrity/large/1379615419.48.jpg",
                               "medium": "http://img5.douban.com/img/celebrity/medium/1379615419.48.jpg"
                               },
                               "alt": "http://movie.douban.com/celebrity/1023040/",
                               "id": "1023040",
                               "name": "陈凯歌"
                               }
                               ],
                 "year": "1993",
                 "images": {
                 "small": "http://img3.douban.com/view/movie_poster_cover/ipst/public/p1910813120.jpg",
                 "large": "http://img3.douban.com/view/movie_poster_cover/lpst/public/p1910813120.jpg",
                 "medium": "http://img3.douban.com/view/movie_poster_cover/spst/public/p1910813120.jpg"
                 },
                 "alt": "http://movie.douban.com/subject/1291546/",
                 "id": "1291546"
                 },
                 {
                 "rating": {
                 "max": 10,
                 "average": 9.4,
                 "stars": "50",
                 "min": 0
                 },
                 "genres": [
                            "剧情",
                            "爱情",
                            "战争"
                            ],
                 "collect_count": 359696,
                 "casts": [
                           {
                           "avatars": {
                           "small": "http://img3.douban.com/img/celebrity/small/26764.jpg",
                           "large": "http://img3.douban.com/img/celebrity/large/26764.jpg",
                           "medium": "http://img3.douban.com/img/celebrity/medium/26764.jpg"
                           },
                           "alt": "http://movie.douban.com/celebrity/1041004/",
                           "id": "1041004",
                           "name": "罗伯托·贝尼尼"
                           },
                           {
                           "avatars": {
                           "small": "http://img5.douban.com/img/celebrity/small/9548.jpg",
                           "large": "http://img5.douban.com/img/celebrity/large/9548.jpg",
                           "medium": "http://img5.douban.com/img/celebrity/medium/9548.jpg"
                           },
                           "alt": "http://movie.douban.com/celebrity/1000375/",
                           "id": "1000375",
                           "name": "尼可莱塔·布拉斯基"
                           },
                           {
                           "avatars": {
                           "small": "http://img3.douban.com/img/celebrity/small/45590.jpg",
                           "large": "http://img3.douban.com/img/celebrity/large/45590.jpg",
                           "medium": "http://img3.douban.com/img/celebrity/medium/45590.jpg"
                           },
                           "alt": "http://movie.douban.com/celebrity/1000368/",
                           "id": "1000368",
                           "name": "乔治·坎塔里尼"
                           }
                           ],
                 "title": "美丽人生",
                 "original_title": "La vita è bella",
                 "subtype": "movie",
                 "directors": [
                               {
                               "avatars": {
                               "small": "http://img3.douban.com/img/celebrity/small/26764.jpg",
                               "large": "http://img3.douban.com/img/celebrity/large/26764.jpg",
                               "medium": "http://img3.douban.com/img/celebrity/medium/26764.jpg"
                               },
                               "alt": "http://movie.douban.com/celebrity/1041004/",
                               "id": "1041004",
                               "name": "罗伯托·贝尼尼"
                               }
                               ],
                 "year": "1997",
                 "images": {
                 "small": "http://img3.douban.com/view/movie_poster_cover/ipst/public/p510861873.jpg",
                 "large": "http://img3.douban.com/view/movie_poster_cover/lpst/public/p510861873.jpg",
                 "medium": "http://img3.douban.com/view/movie_poster_cover/spst/public/p510861873.jpg"
                 },
                 "alt": "http://movie.douban.com/subject/1292063/",
                 "id": "1292063"
                 },
                 {
                 "rating": {
                 "max": 10,
                 "average": 9.2,
                 "stars": "45",
                 "min": 0
                 },
                 "genres": [
                            "剧情",
                            "爱情",
                            "音乐"
                            ],
                 "collect_count": 585479,
                 "casts": [
                           {
                           "avatars": {
                           "small": "http://img3.douban.com/img/celebrity/small/6281.jpg",
                           "large": "http://img3.douban.com/img/celebrity/large/6281.jpg",
                           "medium": "http://img3.douban.com/img/celebrity/medium/6281.jpg"
                           },
                           "alt": "http://movie.douban.com/celebrity/1025176/",
                           "id": "1025176",
                           "name": "蒂姆·罗斯"
                           },
                           {
                           "avatars": {
                           "small": "http://img5.douban.com/img/celebrity/small/1355152571.6.jpg",
                           "large": "http://img5.douban.com/img/celebrity/large/1355152571.6.jpg",
                           "medium": "http://img5.douban.com/img/celebrity/medium/1355152571.6.jpg"
                           },
                           "alt": "http://movie.douban.com/celebrity/1010659/",
                           "id": "1010659",
                           "name": "普路特·泰勒·文斯"
                           },
                           {
                           "avatars": {
                           "small": "http://img3.douban.com/img/celebrity/small/12333.jpg",
                           "large": "http://img3.douban.com/img/celebrity/large/12333.jpg",
                           "medium": "http://img3.douban.com/img/celebrity/medium/12333.jpg"
                           },
                           "alt": "http://movie.douban.com/celebrity/1027407/",
                           "id": "1027407",
                           "name": "比尔·努恩"
                           }
                           ],
                 "title": "海上钢琴师",
                 "original_title": "La leggenda del pianista sull'oceano",
                 "subtype": "movie",
                 "directors": [
                               {
                               "avatars": {
                               "small": "http://img3.douban.com/img/celebrity/small/195.jpg",
                               "large": "http://img3.douban.com/img/celebrity/large/195.jpg",
                               "medium": "http://img3.douban.com/img/celebrity/medium/195.jpg"
                               },
                               "alt": "http://movie.douban.com/celebrity/1018983/",
                               "id": "1018983",
                               "name": "朱塞佩·托纳多雷"
                               }
                               ],
                 "year": "1998",
                 "images": {
                 "small": "http://img5.douban.com/view/movie_poster_cover/ipst/public/p511146957.jpg",
                 "large": "http://img5.douban.com/view/movie_poster_cover/lpst/public/p511146957.jpg",
                 "medium": "http://img5.douban.com/view/movie_poster_cover/spst/public/p511146957.jpg"
                 },
                 "alt": "http://movie.douban.com/subject/1292001/",
                 "id": "1292001"
                 },
                 {
                 "rating": {
                 "max": 10,
                 "average": 9.3,
                 "stars": "50",
                 "min": 0
                 },
                 "genres": [
                            "剧情",
                            "历史",
                            "战争"
                            ],
                 "collect_count": 355844,
                 "casts": [
                           {
                           "avatars": {
                           "small": "http://img5.douban.com/img/celebrity/small/44906.jpg",
                           "large": "http://img5.douban.com/img/celebrity/large/44906.jpg",
                           "medium": "http://img5.douban.com/img/celebrity/medium/44906.jpg"
                           },
                           "alt": "http://movie.douban.com/celebrity/1031220/",
                           "id": "1031220",
                           "name": "连姆·尼森"
                           },
                           {
                           "avatars": {
                           "small": "http://img5.douban.com/img/celebrity/small/1374649659.58.jpg",
                           "large": "http://img5.douban.com/img/celebrity/large/1374649659.58.jpg",
                           "medium": "http://img5.douban.com/img/celebrity/medium/1374649659.58.jpg"
                           },
                           "alt": "http://movie.douban.com/celebrity/1054393/",
                           "id": "1054393",
                           "name": "本·金斯利"
                           },
                           {
                           "avatars": {
                           "small": "http://img3.douban.com/img/celebrity/small/28941.jpg",
                           "large": "http://img3.douban.com/img/celebrity/large/28941.jpg",
                           "medium": "http://img3.douban.com/img/celebrity/medium/28941.jpg"
                           },
                           "alt": "http://movie.douban.com/celebrity/1006956/",
                           "id": "1006956",
                           "name": "拉尔夫·费因斯"
                           }
                           ],
                 "title": "辛德勒的名单",
                 "original_title": "Schindler's List",
                 "subtype": "movie",
                 "directors": [
                               {
                               "avatars": {
                               "small": "http://img3.douban.com/img/celebrity/small/34602.jpg",
                               "large": "http://img3.douban.com/img/celebrity/large/34602.jpg",
                               "medium": "http://img3.douban.com/img/celebrity/medium/34602.jpg"
                               },
                               "alt": "http://movie.douban.com/celebrity/1054440/",
                               "id": "1054440",
                               "name": "史蒂文·斯皮尔伯格"
                               }
                               ],
                 "year": "1993",
                 "images": {
                 "small": "http://img3.douban.com/view/movie_poster_cover/ipst/public/p492406163.jpg",
                 "large": "http://img3.douban.com/view/movie_poster_cover/lpst/public/p492406163.jpg",
                 "medium": "http://img3.douban.com/view/movie_poster_cover/spst/public/p492406163.jpg"
                 },
                 "alt": "http://movie.douban.com/subject/1295124/",
                 "id": "1295124"
                 },
                 {
                 "rating": {
                 "max": 10,
                 "average": 9.1,
                 "stars": "45",
                 "min": 0
                 },
                 "genres": [
                            "剧情",
                            "动画",
                            "奇幻"
                            ],
                 "collect_count": 596816,
                 "casts": [
                           {
                           "avatars": {
                           "small": "http://img3.douban.com/img/celebrity/small/19145.jpg",
                           "large": "http://img3.douban.com/img/celebrity/large/19145.jpg",
                           "medium": "http://img3.douban.com/img/celebrity/medium/19145.jpg"
                           },
                           "alt": "http://movie.douban.com/celebrity/1023337/",
                           "id": "1023337",
                           "name": "柊瑠美"
                           },
                           {
                           "avatars": {
                           "small": "http://img5.douban.com/img/celebrity/small/44986.jpg",
                           "large": "http://img5.douban.com/img/celebrity/large/44986.jpg",
                           "medium": "http://img5.douban.com/img/celebrity/medium/44986.jpg"
                           },
                           "alt": "http://movie.douban.com/celebrity/1005438/",
                           "id": "1005438",
                           "name": "入野自由"
                           },
                           {
                           "avatars": {
                           "small": "http://img3.douban.com/img/celebrity/small/18785.jpg",
                           "large": "http://img3.douban.com/img/celebrity/large/18785.jpg",
                           "medium": "http://img3.douban.com/img/celebrity/medium/18785.jpg"
                           },
                           "alt": "http://movie.douban.com/celebrity/1045797/",
                           "id": "1045797",
                           "name": "夏木真理"
                           }
                           ],
                 "title": "千与千寻",
                 "original_title": "千と千尋の神隠し",
                 "subtype": "movie",
                 "directors": [
                               {
                               "avatars": {
                               "small": "http://img5.douban.com/img/celebrity/small/616.jpg",
                               "large": "http://img5.douban.com/img/celebrity/large/616.jpg",
                               "medium": "http://img5.douban.com/img/celebrity/medium/616.jpg"
                               },
                               "alt": "http://movie.douban.com/celebrity/1054439/",
                               "id": "1054439",
                               "name": "宫崎骏"
                               }
                               ],
                 "year": "2001",
                 "images": {
                 "small": "http://img5.douban.com/view/movie_poster_cover/ipst/public/p1910830216.jpg",
                 "large": "http://img5.douban.com/view/movie_poster_cover/lpst/public/p1910830216.jpg",
                 "medium": "http://img5.douban.com/view/movie_poster_cover/spst/public/p1910830216.jpg"
                 },
                 "alt": "http://movie.douban.com/subject/1291561/",
                 "id": "1291561"
                 },
                 {
                 "rating": {
                 "max": 10,
                 "average": 9.3,
                 "stars": "50",
                 "min": 0
                 },
                 "genres": [
                            "喜剧",
                            "爱情",
                            "科幻"
                            ],
                 "collect_count": 447757,
                 "casts": [
                           {
                           "avatars": {
                           "small": "http://img5.douban.com/img/celebrity/small/13028.jpg",
                           "large": "http://img5.douban.com/img/celebrity/large/13028.jpg",
                           "medium": "http://img5.douban.com/img/celebrity/medium/13028.jpg"
                           },
                           "alt": "http://movie.douban.com/celebrity/1009535/",
                           "id": "1009535",
                           "name": "本·贝尔特"
                           },
                           {
                           "avatars": {
                           "small": "http://img5.douban.com/img/celebrity/small/1365856130.16.jpg",
                           "large": "http://img5.douban.com/img/celebrity/large/1365856130.16.jpg",
                           "medium": "http://img5.douban.com/img/celebrity/medium/1365856130.16.jpg"
                           },
                           "alt": "http://movie.douban.com/celebrity/1000389/",
                           "id": "1000389",
                           "name": "艾丽莎·奈特"
                           },
                           {
                           "avatars": {
                           "small": "http://img5.douban.com/img/celebrity/small/31068.jpg",
                           "large": "http://img5.douban.com/img/celebrity/large/31068.jpg",
                           "medium": "http://img5.douban.com/img/celebrity/medium/31068.jpg"
                           },
                           "alt": "http://movie.douban.com/celebrity/1018022/",
                           "id": "1018022",
                           "name": "杰夫·格尔林"
                           }
                           ],
                 "title": "机器人总动员",
                 "original_title": "WALL·E",
                 "subtype": "movie",
                 "directors": [
                               {
                               "avatars": {
                               "small": "http://img3.douban.com/img/celebrity/small/1302.jpg",
                               "large": "http://img3.douban.com/img/celebrity/large/1302.jpg",
                               "medium": "http://img3.douban.com/img/celebrity/medium/1302.jpg"
                               },
                               "alt": "http://movie.douban.com/celebrity/1036450/",
                               "id": "1036450",
                               "name": "安德鲁·斯坦顿"
                               }
                               ],
                 "year": "2008",
                 "images": {
                 "small": "http://img3.douban.com/view/movie_poster_cover/ipst/public/p449665982.jpg",
                 "large": "http://img3.douban.com/view/movie_poster_cover/lpst/public/p449665982.jpg",
                 "medium": "http://img3.douban.com/view/movie_poster_cover/spst/public/p449665982.jpg"
                 },
                 "alt": "http://movie.douban.com/subject/2131459/",
                 "id": "2131459"
                 },
                 {
                 "rating": {
                 "max": 10,
                 "average": 9.1,
                 "stars": "45",
                 "min": 0
                 },
                 "genres": [
                            "剧情",
                            "喜剧",
                            "爱情"
                            ],
                 "collect_count": 588764,
                 "casts": [
                           {
                           "avatars": {
                           "small": "http://img5.douban.com/img/celebrity/small/13628.jpg",
                           "large": "http://img5.douban.com/img/celebrity/large/13628.jpg",
                           "medium": "http://img5.douban.com/img/celebrity/medium/13628.jpg"
                           },
                           "alt": "http://movie.douban.com/celebrity/1031931/",
                           "id": "1031931",
                           "name": "阿米尔·汗"
                           },
                           {
                           "avatars": {
                           "small": "http://img5.douban.com/img/celebrity/small/5568.jpg",
                           "large": "http://img5.douban.com/img/celebrity/large/5568.jpg",
                           "medium": "http://img5.douban.com/img/celebrity/medium/5568.jpg"
                           },
                           "alt": "http://movie.douban.com/celebrity/1049635/",
                           "id": "1049635",
                           "name": "卡琳娜·卡普尔"
                           },
                           {
                           "avatars": {
                           "small": "http://img3.douban.com/img/celebrity/small/5651.jpg",
                           "large": "http://img3.douban.com/img/celebrity/large/5651.jpg",
                           "medium": "http://img3.douban.com/img/celebrity/medium/5651.jpg"
                           },
                           "alt": "http://movie.douban.com/celebrity/1018290/",
                           "id": "1018290",
                           "name": "马达范"
                           }
                           ],
                 "title": "三傻大闹宝莱坞",
                 "original_title": "3 Idiots",
                 "subtype": "movie",
                 "directors": [
                               {
                               "avatars": {
                               "small": "http://img5.douban.com/img/celebrity/small/16549.jpg",
                               "large": "http://img5.douban.com/img/celebrity/large/16549.jpg",
                               "medium": "http://img5.douban.com/img/celebrity/medium/16549.jpg"
                               },
                               "alt": "http://movie.douban.com/celebrity/1286677/",
                               "id": "1286677",
                               "name": "拉吉库马尔·希拉尼"
                               }
                               ],
                 "year": "2009",
                 "images": {
                 "small": "http://img3.douban.com/view/movie_poster_cover/ipst/public/p579729551.jpg",
                 "large": "http://img3.douban.com/view/movie_poster_cover/lpst/public/p579729551.jpg",
                 "medium": "http://img3.douban.com/view/movie_poster_cover/spst/public/p579729551.jpg"
                 },
                 "alt": "http://movie.douban.com/subject/3793023/",
                 "id": "3793023"
                 },
                 {
                 "rating": {
                 "max": 10,
                 "average": 9.1,
                 "stars": "45",
                 "min": 0
                 },
                 "genres": [
                            "剧情",
                            "爱情",
                            "灾难"
                            ],
                 "collect_count": 630671,
                 "casts": [
                           {
                           "avatars": {
                           "small": "http://img3.douban.com/img/celebrity/small/470.jpg",
                           "large": "http://img3.douban.com/img/celebrity/large/470.jpg",
                           "medium": "http://img3.douban.com/img/celebrity/medium/470.jpg"
                           },
                           "alt": "http://movie.douban.com/celebrity/1041029/",
                           "id": "1041029",
                           "name": "莱昂纳多·迪卡普里奥"
                           },
                           {
                           "avatars": {
                           "small": "http://img5.douban.com/img/celebrity/small/53358.jpg",
                           "large": "http://img5.douban.com/img/celebrity/large/53358.jpg",
                           "medium": "http://img5.douban.com/img/celebrity/medium/53358.jpg"
                           },
                           "alt": "http://movie.douban.com/celebrity/1054446/",
                           "id": "1054446",
                           "name": "凯特·温丝莱特"
                           },
                           {
                           "avatars": {
                           "small": "http://img5.douban.com/img/celebrity/small/45186.jpg",
                           "large": "http://img5.douban.com/img/celebrity/large/45186.jpg",
                           "medium": "http://img5.douban.com/img/celebrity/medium/45186.jpg"
                           },
                           "alt": "http://movie.douban.com/celebrity/1031864/",
                           "id": "1031864",
                           "name": "比利·赞恩"
                           }
                           ],
                 "title": "泰坦尼克号",
                 "original_title": "Titanic",
                 "subtype": "movie",
                 "directors": [
                               {
                               "avatars": {
                               "small": "http://img5.douban.com/img/celebrity/small/1361814346.47.jpg",
                               "large": "http://img5.douban.com/img/celebrity/large/1361814346.47.jpg",
                               "medium": "http://img5.douban.com/img/celebrity/medium/1361814346.47.jpg"
                               },
                               "alt": "http://movie.douban.com/celebrity/1022571/",
                               "id": "1022571",
                               "name": "詹姆斯·卡梅隆"
                               }
                               ],
                 "year": "1997",
                 "images": {
                 "small": "http://img5.douban.com/view/movie_poster_cover/ipst/public/p1499488396.jpg",
                 "large": "http://img5.douban.com/view/movie_poster_cover/lpst/public/p1499488396.jpg",
                 "medium": "http://img5.douban.com/view/movie_poster_cover/spst/public/p1499488396.jpg"
                 },
                 "alt": "http://movie.douban.com/subject/1292722/",
                 "id": "1292722"
                 },
                 {
                 "rating": {
                 "max": 10,
                 "average": 9.2,
                 "stars": "50",
                 "min": 0
                 },
                 "genres": [
                            "动作",
                            "科幻",
                            "悬疑"
                            ],
                 "collect_count": 698777,
                 "casts": [
                           {
                           "avatars": {
                           "small": "http://img3.douban.com/img/celebrity/small/470.jpg",
                           "large": "http://img3.douban.com/img/celebrity/large/470.jpg",
                           "medium": "http://img3.douban.com/img/celebrity/medium/470.jpg"
                           },
                           "alt": "http://movie.douban.com/celebrity/1041029/",
                           "id": "1041029",
                           "name": "莱昂纳多·迪卡普里奥"
                           },
                           {
                           "avatars": {
                           "small": "http://img5.douban.com/img/celebrity/small/3517.jpg",
                           "large": "http://img5.douban.com/img/celebrity/large/3517.jpg",
                           "medium": "http://img5.douban.com/img/celebrity/medium/3517.jpg"
                           },
                           "alt": "http://movie.douban.com/celebrity/1101703/",
                           "id": "1101703",
                           "name": "约瑟夫·高登-莱维特"
                           },
                           {
                           "avatars": {
                           "small": "http://img5.douban.com/img/celebrity/small/118.jpg",
                           "large": "http://img5.douban.com/img/celebrity/large/118.jpg",
                           "medium": "http://img5.douban.com/img/celebrity/medium/118.jpg"
                           },
                           "alt": "http://movie.douban.com/celebrity/1012520/",
                           "id": "1012520",
                           "name": "艾伦·佩吉"
                           }
                           ],
                 "title": "盗梦空间",
                 "original_title": "Inception",
                 "subtype": "movie",
                 "directors": [
                               {
                               "avatars": {
                               "small": "http://img3.douban.com/img/celebrity/small/673.jpg",
                               "large": "http://img3.douban.com/img/celebrity/large/673.jpg",
                               "medium": "http://img3.douban.com/img/celebrity/medium/673.jpg"
                               },
                               "alt": "http://movie.douban.com/celebrity/1054524/",
                               "id": "1054524",
                               "name": "克里斯托弗·诺兰"
                               }
                               ],
                 "year": "2010",
                 "images": {
                 "small": "http://img5.douban.com/view/movie_poster_cover/ipst/public/p524127056.jpg",
                 "large": "http://img5.douban.com/view/movie_poster_cover/lpst/public/p524127056.jpg",
                 "medium": "http://img5.douban.com/view/movie_poster_cover/spst/public/p524127056.jpg"
                 },
                 "alt": "http://movie.douban.com/subject/3541415/",
                 "id": "3541415"
                 },
                 {
                 "rating": {
                 "max": 10,
                 "average": 9.2,
                 "stars": "45",
                 "min": 0
                 },
                 "genres": [
                            "剧情",
                            "音乐"
                            ],
                 "collect_count": 423935,
                 "casts": [
                           {
                           "avatars": {
                           "small": "http://img3.douban.com/img/celebrity/small/3363.jpg",
                           "large": "http://img3.douban.com/img/celebrity/large/3363.jpg",
                           "medium": "http://img3.douban.com/img/celebrity/medium/3363.jpg"
                           },
                           "alt": "http://movie.douban.com/celebrity/1048281/",
                           "id": "1048281",
                           "name": "杰拉尔·朱诺"
                           },
                           {
                           "avatars": {
                           "small": "http://img5.douban.com/img/celebrity/small/9329.jpg",
                           "large": "http://img5.douban.com/img/celebrity/large/9329.jpg",
                           "medium": "http://img5.douban.com/img/celebrity/medium/9329.jpg"
                           },
                           "alt": "http://movie.douban.com/celebrity/1054351/",
                           "id": "1054351",
                           "name": "弗朗西斯·贝尔兰德"
                           },
                           {
                           "avatars": {
                           "small": "http://img3.douban.com/img/celebrity/small/44424.jpg",
                           "large": "http://img3.douban.com/img/celebrity/large/44424.jpg",
                           "medium": "http://img3.douban.com/img/celebrity/medium/44424.jpg"
                           },
                           "alt": "http://movie.douban.com/celebrity/1000491/",
                           "id": "1000491",
                           "name": "凯德·麦拉德"
                           }
                           ],
                 "title": "放牛班的春天",
                 "original_title": "Les choristes",
                 "subtype": "movie",
                 "directors": [
                               {
                               "avatars": {
                               "small": "http://img3.douban.com/img/celebrity/small/24744.jpg",
                               "large": "http://img3.douban.com/img/celebrity/large/24744.jpg",
                               "medium": "http://img3.douban.com/img/celebrity/medium/24744.jpg"
                               },
                               "alt": "http://movie.douban.com/celebrity/1277959/",
                               "id": "1277959",
                               "name": "克里斯托夫·巴拉蒂"
                               }
                               ],
                 "year": "2004",
                 "images": {
                 "small": "http://img3.douban.com/view/movie_poster_cover/ipst/public/p1910824951.jpg",
                 "large": "http://img3.douban.com/view/movie_poster_cover/lpst/public/p1910824951.jpg",
                 "medium": "http://img3.douban.com/view/movie_poster_cover/spst/public/p1910824951.jpg"
                 },
                 "alt": "http://movie.douban.com/subject/1291549/",
                 "id": "1291549"
                 },
                 {
                 "rating": {
                 "max": 10,
                 "average": 9.1,
                 "stars": "45",
                 "min": 0
                 },
                 "genres": [
                            "动画",
                            "奇幻"
                            ],
                 "collect_count": 395808,
                 "casts": [
                           {
                           "avatars": {
                           "small": "http://img3.douban.com/img/celebrity/small/9675.jpg",
                           "large": "http://img3.douban.com/img/celebrity/large/9675.jpg",
                           "medium": "http://img3.douban.com/img/celebrity/medium/9675.jpg"
                           },
                           "alt": "http://movie.douban.com/celebrity/1019382/",
                           "id": "1019382",
                           "name": "日高法子"
                           },
                           {
                           "avatars": {
                           "small": "http://img5.douban.com/img/celebrity/small/29537.jpg",
                           "large": "http://img5.douban.com/img/celebrity/large/29537.jpg",
                           "medium": "http://img5.douban.com/img/celebrity/medium/29537.jpg"
                           },
                           "alt": "http://movie.douban.com/celebrity/1025582/",
                           "id": "1025582",
                           "name": "坂本千夏"
                           },
                           {
                           "avatars": {
                           "small": "http://img3.douban.com/img/celebrity/small/1356199849.63.jpg",
                           "large": "http://img3.douban.com/img/celebrity/large/1356199849.63.jpg",
                           "medium": "http://img3.douban.com/img/celebrity/medium/1356199849.63.jpg"
                           },
                           "alt": "http://movie.douban.com/celebrity/1037668/",
                           "id": "1037668",
                           "name": "岛本须美"
                           }
                           ],
                 "title": "龙猫",
                 "original_title": "となりのトトロ",
                 "subtype": "movie",
                 "directors": [
                               {
                               "avatars": {
                               "small": "http://img5.douban.com/img/celebrity/small/616.jpg",
                               "large": "http://img5.douban.com/img/celebrity/large/616.jpg",
                               "medium": "http://img5.douban.com/img/celebrity/medium/616.jpg"
                               },
                               "alt": "http://movie.douban.com/celebrity/1054439/",
                               "id": "1054439",
                               "name": "宫崎骏"
                               }
                               ],
                 "year": "1988",
                 "images": {
                 "small": "http://img5.douban.com/view/movie_poster_cover/ipst/public/p1910829638.jpg",
                 "large": "http://img5.douban.com/view/movie_poster_cover/lpst/public/p1910829638.jpg",
                 "medium": "http://img5.douban.com/view/movie_poster_cover/spst/public/p1910829638.jpg"
                 },
                 "alt": "http://movie.douban.com/subject/1291560/",
                 "id": "1291560"
                 },
                 {
                 "rating": {
                 "max": 10,
                 "average": 9.2,
                 "stars": "45",
                 "min": 0
                 },
                 "genres": [
                            "剧情"
                            ],
                 "collect_count": 359566,
                 "casts": [
                           {
                           "avatars": {
                           "small": "http://img3.douban.com/img/celebrity/small/33013.jpg",
                           "large": "http://img3.douban.com/img/celebrity/large/33013.jpg",
                           "medium": "http://img3.douban.com/img/celebrity/medium/33013.jpg"
                           },
                           "alt": "http://movie.douban.com/celebrity/1040997/",
                           "id": "1040997",
                           "name": "理查·基尔"
                           },
                           {
                           "avatars": {
                           "small": "http://img3.douban.com/img/celebrity/small/5502.jpg",
                           "large": "http://img3.douban.com/img/celebrity/large/5502.jpg",
                           "medium": "http://img3.douban.com/img/celebrity/medium/5502.jpg"
                           },
                           "alt": "http://movie.douban.com/celebrity/1049499/",
                           "id": "1049499",
                           "name": "萨拉·罗默尔"
                           },
                           {
                           "avatars": {
                           "small": "http://img3.douban.com/img/celebrity/small/17520.jpg",
                           "large": "http://img3.douban.com/img/celebrity/large/17520.jpg",
                           "medium": "http://img3.douban.com/img/celebrity/medium/17520.jpg"
                           },
                           "alt": "http://movie.douban.com/celebrity/1025215/",
                           "id": "1025215",
                           "name": "琼·艾伦"
                           }
                           ],
                 "title": "忠犬八公的故事",
                 "original_title": "Hachi: A Dog's Tale",
                 "subtype": "movie",
                 "directors": [
                               {
                               "avatars": {
                               "small": "http://img3.douban.com/img/celebrity/small/4333.jpg",
                               "large": "http://img3.douban.com/img/celebrity/large/4333.jpg",
                               "medium": "http://img3.douban.com/img/celebrity/medium/4333.jpg"
                               },
                               "alt": "http://movie.douban.com/celebrity/1018014/",
                               "id": "1018014",
                               "name": "莱塞·霍尔斯道姆"
                               }
                               ],
                 "year": "2009",
                 "images": {
                 "small": "http://img5.douban.com/view/movie_poster_cover/ipst/public/p524964016.jpg",
                 "large": "http://img5.douban.com/view/movie_poster_cover/lpst/public/p524964016.jpg",
                 "medium": "http://img5.douban.com/view/movie_poster_cover/spst/public/p524964016.jpg"
                 },
                 "alt": "http://movie.douban.com/subject/3011091/",
                 "id": "3011091"
                 },
                 {
                 "rating": {
                 "max": 10,
                 "average": 9.2,
                 "stars": "45",
                 "min": 0
                 },
                 "genres": [
                            "犯罪",
                            "剧情",
                            "惊悚"
                            ],
                 "collect_count": 319972,
                 "casts": [
                           {
                           "avatars": {
                           "small": "http://img3.douban.com/img/celebrity/small/465.jpg",
                           "large": "http://img3.douban.com/img/celebrity/large/465.jpg",
                           "medium": "http://img3.douban.com/img/celebrity/medium/465.jpg"
                           },
                           "alt": "http://movie.douban.com/celebrity/1041025/",
                           "id": "1041025",
                           "name": "马龙·白兰度"
                           },
                           {
                           "avatars": {
                           "small": "http://img3.douban.com/img/celebrity/small/9694.jpg",
                           "large": "http://img3.douban.com/img/celebrity/large/9694.jpg",
                           "medium": "http://img3.douban.com/img/celebrity/medium/9694.jpg"
                           },
                           "alt": "http://movie.douban.com/celebrity/1054451/",
                           "id": "1054451",
                           "name": "阿尔·帕西诺"
                           },
                           {
                           "avatars": {
                           "small": "http://img3.douban.com/img/celebrity/small/9550.jpg",
                           "large": "http://img3.douban.com/img/celebrity/large/9550.jpg",
                           "medium": "http://img3.douban.com/img/celebrity/medium/9550.jpg"
                           },
                           "alt": "http://movie.douban.com/celebrity/1000050/",
                           "id": "1000050",
                           "name": "詹姆斯·凯恩"
                           }
                           ],
                 "title": "教父",
                 "original_title": "The Godfather",
                 "subtype": "movie",
                 "directors": [
                               {
                               "avatars": {
                               "small": "http://img3.douban.com/img/celebrity/small/592.jpg",
                               "large": "http://img3.douban.com/img/celebrity/large/592.jpg",
                               "medium": "http://img3.douban.com/img/celebrity/medium/592.jpg"
                               },
                               "alt": "http://movie.douban.com/celebrity/1054419/",
                               "id": "1054419",
                               "name": "弗朗西斯·福特·科波拉"
                               }
                               ],
                 "year": "1972",
                 "images": {
                 "small": "http://img3.douban.com/view/movie_poster_cover/ipst/public/p1910907404.jpg",
                 "large": "http://img3.douban.com/view/movie_poster_cover/lpst/public/p1910907404.jpg",
                 "medium": "http://img3.douban.com/view/movie_poster_cover/spst/public/p1910907404.jpg"
                 },
                 "alt": "http://movie.douban.com/subject/1291841/",
                 "id": "1291841"
                 },
                 {
                 "rating": {
                 "max": 10,
                 "average": 9.1,
                 "stars": "45",
                 "min": 0
                 },
                 "genres": [
                            "动作",
                            "冒险",
                            "喜剧"
                            ],
                 "collect_count": 405697,
                 "casts": [
                           {
                           "avatars": {
                           "small": "http://img5.douban.com/img/celebrity/small/28588.jpg",
                           "large": "http://img5.douban.com/img/celebrity/large/28588.jpg",
                           "medium": "http://img5.douban.com/img/celebrity/medium/28588.jpg"
                           },
                           "alt": "http://movie.douban.com/celebrity/1048026/",
                           "id": "1048026",
                           "name": "周星驰"
                           },
                           {
                           "avatars": {
                           "small": "http://img3.douban.com/img/celebrity/small/45481.jpg",
                           "large": "http://img3.douban.com/img/celebrity/large/45481.jpg",
                           "medium": "http://img3.douban.com/img/celebrity/medium/45481.jpg"
                           },
                           "alt": "http://movie.douban.com/celebrity/1016771/",
                           "id": "1016771",
                           "name": "吴孟达"
                           },
                           {
                           "avatars": {
                           "small": "http://img5.douban.com/img/celebrity/small/5539.jpg",
                           "large": "http://img5.douban.com/img/celebrity/large/5539.jpg",
                           "medium": "http://img5.douban.com/img/celebrity/medium/5539.jpg"
                           },
                           "alt": "http://movie.douban.com/celebrity/1041734/",
                           "id": "1041734",
                           "name": "朱茵"
                           }
                           ],
                 "title": "大话西游之大圣娶亲",
                 "original_title": "西遊記大結局之仙履奇緣",
                 "subtype": "movie",
                 "directors": [
                               {
                               "avatars": {
                               "small": "http://img3.douban.com/img/celebrity/small/45374.jpg",
                               "large": "http://img3.douban.com/img/celebrity/large/45374.jpg",
                               "medium": "http://img3.douban.com/img/celebrity/medium/45374.jpg"
                               },
                               "alt": "http://movie.douban.com/celebrity/1274431/",
                               "id": "1274431",
                               "name": "刘镇伟"
                               }
                               ],
                 "year": "1995",
                 "images": {
                 "small": "http://img3.douban.com/view/movie_poster_cover/ipst/public/p648365452.jpg",
                 "large": "http://img3.douban.com/view/movie_poster_cover/lpst/public/p648365452.jpg",
                 "medium": "http://img3.douban.com/view/movie_poster_cover/spst/public/p648365452.jpg"
                 },
                 "alt": "http://movie.douban.com/subject/1292213/",
                 "id": "1292213"
                 },
                 {
                 "rating": {
                 "max": 10,
                 "average": 9.2,
                 "stars": "45",
                 "min": 0
                 },
                 "genres": [
                            "剧情",
                            "爱情",
                            "战争"
                            ],
                 "collect_count": 279882,
                 "casts": [
                           {
                           "avatars": {
                           "small": "http://img3.douban.com/img/celebrity/small/5290.jpg",
                           "large": "http://img3.douban.com/img/celebrity/large/5290.jpg",
                           "medium": "http://img3.douban.com/img/celebrity/medium/5290.jpg"
                           },
                           "alt": "http://movie.douban.com/celebrity/1006997/",
                           "id": "1006997",
                           "name": "克拉克·盖博"
                           },
                           {
                           "avatars": {
                           "small": "http://img3.douban.com/img/celebrity/small/3151.jpg",
                           "large": "http://img3.douban.com/img/celebrity/large/3151.jpg",
                           "medium": "http://img3.douban.com/img/celebrity/medium/3151.jpg"
                           },
                           "alt": "http://movie.douban.com/celebrity/1010506/",
                           "id": "1010506",
                           "name": "费雯·丽"
                           },
                           {
                           "avatars": {
                           "small": "http://img3.douban.com/img/celebrity/small/5001.jpg",
                           "large": "http://img3.douban.com/img/celebrity/large/5001.jpg",
                           "medium": "http://img3.douban.com/img/celebrity/medium/5001.jpg"
                           },
                           "alt": "http://movie.douban.com/celebrity/1124117/",
                           "id": "1124117", 
                           "name": "托马斯·米切尔"
                           }
                           ], 
                 "title": "乱世佳人", 
                 "original_title": "Gone with the Wind", 
                 "subtype": "movie", 
                 "directors": [
                               {
                               "avatars": {
                               "small": "http://img3.douban.com/img/celebrity/small/11303.jpg", 
                               "large": "http://img3.douban.com/img/celebrity/large/11303.jpg", 
                               "medium": "http://img3.douban.com/img/celebrity/medium/11303.jpg"
                               }, 
                               "alt": "http://movie.douban.com/celebrity/1032275/", 
                               "id": "1032275", 
                               "name": "维克多·弗莱明"
                               }, 
                               {
                               "avatars": {
                               "small": "http://img5.douban.com/img/celebrity/small/19067.jpg", 
                               "large": "http://img5.douban.com/img/celebrity/large/19067.jpg", 
                               "medium": "http://img5.douban.com/img/celebrity/medium/19067.jpg"
                               }, 
                               "alt": "http://movie.douban.com/celebrity/1010711/", 
                               "id": "1010711", 
                               "name": "乔治·库克"
                               }, 
                               {
                               "avatars": {
                               "small": "http://img3.douban.com/img/celebrity/small/54831.jpg", 
                               "large": "http://img3.douban.com/img/celebrity/large/54831.jpg", 
                               "medium": "http://img3.douban.com/img/celebrity/medium/54831.jpg"
                               }, 
                               "alt": "http://movie.douban.com/celebrity/1012588/", 
                               "id": "1012588", 
                               "name": "山姆·伍德"
                               }
                               ], 
                 "year": "1939", 
                 "images": {
                 "small": "http://img3.douban.com/view/movie_poster_cover/ipst/public/p1963126880.jpg", 
                 "large": "http://img3.douban.com/view/movie_poster_cover/lpst/public/p1963126880.jpg", 
                 "medium": "http://img3.douban.com/view/movie_poster_cover/spst/public/p1963126880.jpg"
                 }, 
                 "alt": "http://movie.douban.com/subject/1300267/", 
                 "id": "1300267"
                 }, 
                 {
                 "rating": {
                 "max": 10, 
                 "average": 9.1, 
                 "stars": "45", 
                 "min": 0
                 }, 
                 "genres": [
                            "剧情"
                            ], 
                 "collect_count": 301704, 
                 "casts": [
                           {
                           "avatars": {
                           "small": "http://img3.douban.com/img/celebrity/small/43502.jpg", 
                           "large": "http://img3.douban.com/img/celebrity/large/43502.jpg", 
                           "medium": "http://img3.douban.com/img/celebrity/medium/43502.jpg"
                           }, 
                           "alt": "http://movie.douban.com/celebrity/1277558/", 
                           "id": "1277558", 
                           "name": "安东娜拉·塔莉"
                           }, 
                           {
                           "avatars": {
                           "small": "http://img5.douban.com/img/celebrity/small/44286.jpg", 
                           "large": "http://img5.douban.com/img/celebrity/large/44286.jpg", 
                           "medium": "http://img5.douban.com/img/celebrity/medium/44286.jpg"
                           }, 
                           "alt": "http://movie.douban.com/celebrity/1078332/", 
                           "id": "1078332", 
                           "name": "恩佐·卡拉瓦勒"
                           }, 
                           {
                           "avatars": {
                           "small": "http://img3.douban.com/img/celebrity/small/1371022856.11.jpg", 
                           "large": "http://img3.douban.com/img/celebrity/large/1371022856.11.jpg", 
                           "medium": "http://img3.douban.com/img/celebrity/medium/1371022856.11.jpg"
                           }, 
                           "alt": "http://movie.douban.com/celebrity/1074920/", 
                           "id": "1074920", 
                           "name": "艾萨·丹尼埃利"
                           }
                           ], 
                 "title": "天堂电影院", 
                 "original_title": "Nuovo Cinema Paradiso", 
                 "subtype": "movie", 
                 "directors": [
                               {
                               "avatars": {
                               "small": "http://img3.douban.com/img/celebrity/small/195.jpg", 
                               "large": "http://img3.douban.com/img/celebrity/large/195.jpg", 
                               "medium": "http://img3.douban.com/img/celebrity/medium/195.jpg"
                               }, 
                               "alt": "http://movie.douban.com/celebrity/1018983/", 
                               "id": "1018983", 
                               "name": "朱塞佩·托纳多雷"
                               }
                               ], 
                 "year": "1988", 
                 "images": {
                 "small": "http://img3.douban.com/view/movie_poster_cover/ipst/public/p1910901025.jpg", 
                 "large": "http://img3.douban.com/view/movie_poster_cover/lpst/public/p1910901025.jpg", 
                 "medium": "http://img3.douban.com/view/movie_poster_cover/spst/public/p1910901025.jpg"
                 }, 
                 "alt": "http://movie.douban.com/subject/1291828/", 
                 "id": "1291828"
                 }, 
                 {
                 "rating": {
                 "max": 10, 
                 "average": 9, 
                 "stars": "45", 
                 "min": 0
                 }, 
                 "genres": [
                            "剧情", 
                            "动作", 
                            "悬疑"
                            ], 
                 "collect_count": 383506, 
                 "casts": [
                           {
                           "avatars": {
                           "small": "http://img3.douban.com/img/celebrity/small/385.jpg", 
                           "large": "http://img3.douban.com/img/celebrity/large/385.jpg", 
                           "medium": "http://img3.douban.com/img/celebrity/medium/385.jpg"
                           }, 
                           "alt": "http://movie.douban.com/celebrity/1035676/", 
                           "id": "1035676", 
                           "name": "爱德华·诺顿"
                           }, 
                           {
                           "avatars": {
                           "small": "http://img3.douban.com/img/celebrity/small/39053.jpg", 
                           "large": "http://img3.douban.com/img/celebrity/large/39053.jpg", 
                           "medium": "http://img3.douban.com/img/celebrity/medium/39053.jpg"
                           }, 
                           "alt": "http://movie.douban.com/celebrity/1054452/", 
                           "id": "1054452", 
                           "name": "布拉德·皮特"
                           }, 
                           {
                           "avatars": {
                           "small": "http://img5.douban.com/img/celebrity/small/19519.jpg", 
                           "large": "http://img5.douban.com/img/celebrity/large/19519.jpg", 
                           "medium": "http://img5.douban.com/img/celebrity/medium/19519.jpg"
                           }, 
                           "alt": "http://movie.douban.com/celebrity/1016680/", 
                           "id": "1016680", 
                           "name": "海伦娜·伯翰·卡特"
                           }
                           ], 
                 "title": "搏击俱乐部", 
                 "original_title": "Fight Club", 
                 "subtype": "movie", 
                 "directors": [
                               {
                               "avatars": {
                               "small": "http://img5.douban.com/img/celebrity/small/22137.jpg", 
                               "large": "http://img5.douban.com/img/celebrity/large/22137.jpg", 
                               "medium": "http://img5.douban.com/img/celebrity/medium/22137.jpg"
                               }, 
                               "alt": "http://movie.douban.com/celebrity/1012521/", 
                               "id": "1012521", 
                               "name": "大卫·芬奇"
                               }
                               ], 
                 "year": "1999", 
                 "images": {
                 "small": "http://img5.douban.com/view/movie_poster_cover/ipst/public/p1910926158.jpg", 
                 "large": "http://img5.douban.com/view/movie_poster_cover/lpst/public/p1910926158.jpg", 
                 "medium": "http://img5.douban.com/view/movie_poster_cover/spst/public/p1910926158.jpg"
                 }, 
                 "alt": "http://movie.douban.com/subject/1292000/", 
                 "id": "1292000"
                 }
                 ], 
    "title": "豆瓣电影Top250"
}